ID,Name,Age,City
042f34ee-d4b1-4f62-8933-c29185d1cd72,Chris Wilson,53,Los Angeles
384796c6-fc55-4641-bbe4-6129f1d574a7,Robert Miller,42,New York
9d723afb-7f8f-484a-9500-5ea6b04d1a36,Robert Miller,53,San Diego
d8af89c4-0715-4da0-b6b5-e9495b459420,Chris Wilson,49,San Diego
9aef20a2-892e-4036-a569-4fcbb4dff149,Emily Davis,44,New York
fcda6257-78f4-4ca9-80aa-4dc440b3e40d,Emily Davis,36,Chicago
ef5b9ff5-9ab3-4278-b274-16d99f3cc38e,John Doe,30,Philadelphia
704817c0-70e8-406e-9fcc-cc7c876028e8,Laura Martinez,46,Philadelphia
42f60d7f-a607-4b77-85d9-f178b3aff518,Laura Martinez,31,Chicago
531c2451-f367-46ad-9e3b-cd1e11597553,John Doe,28,Phoenix
